course,Introduction,Fee,Duration,Link,Address,Contact
SARJANA MUDA SASTERA DENGAN PENDIDIKAN (KEPUJIAN),NA,1100 per semester,NA,http://admission.usm.my/index.php/en/undergraduate-malaysian/program-pengajian/ijazah-sarjana-muda-penuh-masa/sastera/303-st01-ijazah-sarjana-muda-sastera-dengan-pendidikan-kepujian,"Pusat Pengajian Ilmu Pendidikan, Universiti Sains Malaysia,11800 USM, Pulau Pinang Malaysia",NA
SARJANA MUDA SAINS DENGAN PENDIDIKAN (KEPUJIAN),NA,1210 per semester,NA,http://admission.usm.my/index.php/en/undergraduate-malaysian/program-pengajian/ijazah-sarjana-muda-penuh-masa/sains/304-st02-ijazah-sarjana-muda-sains-dengan-pendidikan-kepujian,"Pusat Pengajian Teknologi Industri, Universiti Sains Malaysia 11800 Penang.",NA
SARJANA MUDA PENDIDIKAN (KEPUJIAN) (PENDIDIKAN KHAS),NA,1100 per semester,NA,http://admission.usm.my/index.php/en/undergraduate-malaysian/program-pengajian/ijazah-sarjana-muda-penuh-masa/sastera/305-st10-ijazah-sarjana-muda-pendidikan-kepujian-pendidikan-khas,"Pusat Pengajian Ilmu Pendidikan, Universiti Sains Malaysia,11800 USM, Pulau Pinang Malaysia",NA
SARJANA MUDA PENDIDIKAN (KEPUJIAN) (TESOL,NA,1100 per semester,NA,http://admission.usm.my/index.php/en/undergraduate-malaysian/program-pengajian/ijazah-sarjana-muda-penuh-masa/sastera/306-st39-ijazah-sarjana-muda-pendidikan-kepujian-tesol,"Pusat Pengajian Ilmu Pendidikan, Universiti Sains Malaysia,11800 USM, Pulau Pinang Malaysia",NA
SARJANA MUDA SASTERA (KEPUJIAN) (SENI HALUS),NA,1250 per semester,NA,http://admission.usm.my/index.php/en/undergraduate-malaysian/program-pengajian/ijazah-sarjana-muda-penuh-masa/sastera/236-sa07-ijazah-sarjana-muda-sastera-kepujian-seni-halus,"Pusat Pengajian Ilmu Pendidikan, Universiti Sains Malaysia,11800 USM, Pulau Pinang Malaysia",NA
SARJANA MUDA SENI MUZIK (KEPUJIAN) (SENI PERSEMBAHAN DAN PEDAGOGI),NA,1250 per semester,NA,http://admission.usm.my/index.php/en/undergraduate-malaysian/program-pengajian/ijazah-sarjana-muda-penuh-masa/sastera/229-sa05-ijazah-sarjana-muda-seni-muzik-kepujian-seni-persembahan-dan-pedagogi,"Pusat Pengajian Ilmu Pendidikan, Universiti Sains Malaysia,11800 USM, Pulau Pinang Malaysia",NA
SARJANA MUDA SENI HALUS (KEPUJIAN) (LAKONAN DAN PENGARAHAN),NA,1250 per semester,NA,http://admission.usm.my/index.php/en/undergraduate-malaysian/program-pengajian/ijazah-sarjana-muda-penuh-masa/sastera/234-sa06-ijazah-sarjana-muda-seni-halus-kepujian-lakonan-dan-pengarahan,"Pusat Pengajian Ilmu Pendidikan, Universiti Sains Malaysia,11800 USM, Pulau Pinang Malaysia",NA
SARJANA MUDA SENI HALUS (KEPUJIAN) (REKABENTUK DAN TEKNOLOGI MEDIA BARU),NA,1250 per semester,NA,http://admission.usm.my/index.php/en/undergraduate-malaysian/program-pengajian/ijazah-sarjana-muda-penuh-masa/sastera/243-sa54-ijazah-sarjana-muda-seni-halus-kepujian-rekabentuk-dan-teknologi-media-baru,"Pusat Pengajian Ilmu Pendidikan, Universiti Sains Malaysia,11800 USM, Pulau Pinang Malaysia",NA
SARJANA MUDA SENI HALUS (KEPUJIAN) (GRAFIK KOMUNIKASI),NA,1250 per semester,NA,http://admission.usm.my/index.php/en/undergraduate-malaysian/program-pengajian/ijazah-sarjana-muda-penuh-masa/sastera/241-sa11-ijazah-sarjana-muda-seni-halus-kepujian-grafik-komunikasi,"Pusat Pengajian Ilmu Pendidikan, Universiti Sains Malaysia,11800 USM, Pulau Pinang Malaysia",NA
SARJANA MUDA SENI HALUS (KEPUJIAN) (REKABENTUK PRODUK),NA,1250 per semester,NA,http://admission.usm.my/index.php/en/undergraduate-malaysian/program-pengajian/ijazah-sarjana-muda-penuh-masa/sastera/244-sa55-ijazah-sarjana-muda-seni-halus-kepujian-rekabentuk-produk,"Pusat Pengajian Ilmu Pendidikan, Universiti Sains Malaysia,11800 USM, Pulau Pinang Malaysia",NA
SARJANA MUDA SENI BINA DALAMAN (KEPUJIAN),NA,1250 per semester,NA,http://admission.usm.my/index.php/en/undergraduate-malaysian/program-pengajian/ijazah-sarjana-muda-penuh-masa/sains/269-sh25-ijazah-sarjana-muda-seni-bina-dalaman-kepujian,"Pusat Pengajian Teknologi Industri, Universiti Sains Malaysia 11800 Penang.",NA
"SARJANA MUDA SAINS (PERUMAHAN, BANGUNAN DAN PERANCANGAN) (KEPUJIAN) (UKUR BAHAN)",NA,1250 per semester,NA,http://admission.usm.my/index.php/en/undergraduate-malaysian/program-pengajian/ijazah-sarjana-muda-penuh-masa/sains/267-sh06-ijazah-sarjana-muda-sains-perumahan-bangunan-dan-perancangan-kepujian-ukur-bahan,"Pusat Pengajian Teknologi Industri, Universiti Sains Malaysia 11800 Penang.",NA
SARJANA MUDA SAINS SENI BINA (KEPUJIAN),NA,1250 per semester,NA,http://admission.usm.my/index.php/en/undergraduate-malaysian/program-pengajian/ijazah-sarjana-muda-penuh-masa/sains/264-sh03-ijazah-sarjana-muda-sains-perumahan-bangunan-dan-perancangan-kepujian-seni-bina,"Pusat Pengajian Teknologi Industri, Universiti Sains Malaysia 11800 Penang.",NA
SARJANA MUDA PERANCANGAN BANDAR DAN WILAYAH (KEPUJIAN),NA,1250 per semester,NA,http://admission.usm.my/index.php/en/undergraduate-malaysian/program-pengajian/ijazah-sarjana-muda-penuh-masa/sains/265-sh20-ijazah-sarjana-muda-perancangan-bandar-dan-wilayah-kepujian,"Pusat Pengajian Teknologi Industri, Universiti Sains Malaysia 11800 Penang.",NA
SARJANA MUDA UKUR BANGUNAN (KEPUJIAN,NA,1250 per semester,NA,http://admission.usm.my/index.php/en/undergraduate-malaysian/program-pengajian/ijazah-sarjana-muda-penuh-masa/sains/266-sh05-ijazah-sarjana-muda-sains-perumahan-bangunan-dan-perancangan-kepujian-ukur-bangunan,"Pusat Pengajian Teknologi Industri, Universiti Sains Malaysia 11800 Penang.",NA
SARJANA MUDA SAINS (KEPUJIAN) (PENGURUSAN PROJEK BINAAN,NA,1250 per semester,NA,http://admission.usm.my/index.php/en/undergraduate-malaysian/program-pengajian/ijazah-sarjana-muda-penuh-masa/sains/268-sh08-ijazah-sarjana-muda-sains-perumahan-bangunan-dan-perancangan-kepujian-pengurusan-binaan,"Pusat Pengajian Teknologi Industri, Universiti Sains Malaysia 11800 Penang.",NA
SARJANA MUDA TEKNOLOGI KEJURUTERAAN BANGUNAN (KEPUJIAN),NA,1250 per semester,NA,http://admission.usm.my/index.php/en/undergraduate-malaysian/program-pengajian/ijazah-sarjana-muda-penuh-masa/sains/270-sh13-ijazah-sarjana-muda-sains-perumahan-bangunan-dan-perancangan-kepujian-teknologi-bangunan,"Pusat Pengajian Teknologi Industri, Universiti Sains Malaysia 11800 Penang.",NA
SARJANA MUDA SASTERA (KEPUJIAN),NA,1060 per semester,NA,http://admission.usm.my/index.php/en/undergraduate-malaysian/program-pengajian/ijazah-sarjana-muda-penuh-masa/sastera/217-sa00-sastera,"Pusat Pengajian Ilmu Pendidikan, Universiti Sains Malaysia,11800 USM, Pulau Pinang Malaysia",NA
SARJANA MUDA SASTERA (KEPUJIAN) (TERJEMAHAN DENGAN INTERPRETASI),NA,1060 per semester,NA,http://admission.usm.my/index.php/en/undergraduate-malaysian/program-pengajian/ijazah-sarjana-muda-penuh-masa/sastera/246-sb01-ijazah-sarjana-muda-sastera-kepujian-terjemahan-dengan-interpretasi,"Pusat Pengajian Ilmu Pendidikan, Universiti Sains Malaysia,11800 USM, Pulau Pinang Malaysia",NA
SARJANA MUDA SASTERA (KEPUJIAN) (BAHASA INGGERIS DAN KESUSASTERAAN),NA,1060 per semester,NA,http://admission.usm.my/index.php/en/undergraduate-malaysian/program-pengajian/ijazah-sarjana-muda-penuh-masa/sastera/245-sb00-ijazah-sarjana-muda-sastera-kepujian-bahasa-inggeris-dan-kesusasteraan,"Pusat Pengajian Ilmu Pendidikan, Universiti Sains Malaysia,11800 USM, Pulau Pinang Malaysia",NA
SARJANA MUDA SASTERA (KEPUJIAN) (BAHASA INGGERIS UNTUK PROFESIONAL),NA,1060 per semester,NA,http://admission.usm.my/index.php/en/undergraduate-malaysian/program-pengajian/ijazah-sarjana-muda-penuh-masa/sastera/247-sb02-ijazah-sarjana-muda-sastera-kepujian-bahasa-inggeris-untuk-profesional,"Pusat Pengajian Ilmu Pendidikan, Universiti Sains Malaysia,11800 USM, Pulau Pinang Malaysia",NA
SARJANA MUDA SAINS KEMASYARAKATAN (KEPUJIAN),NA,1060 per semester,NA,http://admission.usm.my/index.php/en/undergraduate-malaysian/program-pengajian/ijazah-sarjana-muda-penuh-masa/sastera/227-sa03-ijazah-sarjana-muda-sains-kemasyarakatan-kepujian,"Pusat Pengajian Ilmu Pendidikan, Universiti Sains Malaysia,11800 USM, Pulau Pinang Malaysia",NA
SARJANA MUDA EKONOMI (KEPUJIAN),NA,1060 per semester,NA,http://admission.usm.my/index.php/en/undergraduate-malaysian/program-pengajian/ijazah-sarjana-muda-penuh-masa/sastera/250-se00-ijazah-sarjana-muda-ekonomi-kepujian,"Pusat Pengajian Ilmu Pendidikan, Universiti Sains Malaysia,11800 USM, Pulau Pinang Malaysia",NA
SARJANA MUDA KERJA SOSIAL (KEPUJIAN,NA,1060 per semester,NA,http://admission.usm.my/index.php/en/undergraduate-malaysian/program-pengajian/ijazah-sarjana-muda-penuh-masa/sastera/239-sa09-ijazah-sarjana-muda-kerja-sosial-kepujian,"Pusat Pengajian Ilmu Pendidikan, Universiti Sains Malaysia,11800 USM, Pulau Pinang Malaysia",NA
SARJANA MUDA KOMUNIKASI (KEPUJIAN),NA,1100 per semester,NA,http://admission.usm.my/index.php/en/undergraduate-malaysian/program-pengajian/ijazah-sarjana-muda-penuh-masa/sastera/218-sa02-ijazah-sarjana-muda-komunikasi-kepujian,"Pusat Pengajian Ilmu Pendidikan, Universiti Sains Malaysia,11800 USM, Pulau Pinang Malaysia",NA
SARJANA MUDA PERAKAUNAN (KEPUJIAN),NA,1100 per semester,NA,http://admission.usm.my/index.php/en/undergraduate-malaysian/program-pengajian/ijazah-sarjana-muda-penuh-masa/sastera/251-se02-ijazah-sarjana-muda-perakaunan-kepujian,"Pusat Pengajian Ilmu Pendidikan, Universiti Sains Malaysia,11800 USM, Pulau Pinang Malaysia",NA
SARJANA MUDA PENGURUSAN (KEPUJIAN),NA,1100 per semester,NA,http://admission.usm.my/index.php/en/undergraduate-malaysian/program-pengajian/ijazah-sarjana-muda-penuh-masa/sastera/298-sp00-ijazah-sarjana-muda-pengurusan-kepujian,"Pusat Pengajian Ilmu Pendidikan, Universiti Sains Malaysia,11800 USM, Pulau Pinang Malaysia",NA
SARJANA MUDA SAINS GUNAAN (KEPUJIAN) (BIOLOGI GUNAAN),NA,1210 per semester,NA,http://admission.usm.my/index.php/en/undergraduate-malaysian/program-pengajian/ijazah-sarjana-muda-penuh-masa/sains/255-sg02-ijazah-sarjana-muda-sains-gunaan-kepujian-biologi-gunaan,"Pusat Pengajian Teknologi Industri, Universiti Sains Malaysia 11800 Penang.",NA
SARJANA MUDA SAINS (KEPUJIAN) (BIOLOGI),NA,1170 per semester,NA,http://admission.usm.my/index.php/en/undergraduate-malaysian/program-pengajian/ijazah-sarjana-muda-penuh-masa/sains/299-ss02-ijazah-sarjana-muda-sains-kepujian-biologi,"Pusat Pengajian Teknologi Industri, Universiti Sains Malaysia 11800 Penang.",NA
SARJANA MUDA TEKNOLOGI (KEPUJIAN) (PERSEKITARAN),NA,1250 per semester,NA,http://admission.usm.my/index.php/en/undergraduate-malaysian/program-pengajian/ijazah-sarjana-muda-penuh-masa/sains/309-sy06-ijazah-sarjana-muda-teknologi-kepujian-persekitaran,"Pusat Pengajian Teknologi Industri, Universiti Sains Malaysia 11800 Penang.",NA
SARJANA MUDA TEKNOLOGI (KEPUJIAN) (MAKANAN),NA,1250 per semester,NA,http://admission.usm.my/index.php/en/undergraduate-malaysian/program-pengajian/ijazah-sarjana-muda-penuh-masa/sains/307-sy01-ijazah-sarjana-muda-teknologi-kepujian-makanan,"Pusat Pengajian Teknologi Industri, Universiti Sains Malaysia 11800 Penang.",NA
SARJANA MUDA TEKNOLOGI (KEPUJIAN) (BIOSUMBER),NA,1250 per semester,NA,http://admission.usm.my/index.php/en/undergraduate-malaysian/program-pengajian/ijazah-sarjana-muda-penuh-masa/sains/308-sy03-ijazah-sarjana-muda-teknologi-kepujian-bio-sumber-kertas-dan-penglitup,"Pusat Pengajian Teknologi Industri, Universiti Sains Malaysia 11800 Penang.",NA
SARJANA MUDA SAINS (KEPUJIAN) (FIZIK),NA,1170 per semester,NA,http://admission.usm.my/index.php/en/undergraduate-malaysian/program-pengajian/ijazah-sarjana-muda-penuh-masa/sains/301-ss15-ijazah-sarjana-muda-sains-kepujian-fizik,"Pusat Pengajian Teknologi Industri, Universiti Sains Malaysia 11800 Penang.",NA
SARJANA MUDA SAINS GUNAAN (KEPUJIAN) (GEOFIZIK),NA,1210 per semester,NA,http://admission.usm.my/index.php/en/undergraduate-malaysian/program-pengajian/ijazah-sarjana-muda-penuh-masa/sains/254-sg01-ijazah-sarjana-muda-sains-gunaan-kepujian-geofizik,"Pusat Pengajian Teknologi Industri, Universiti Sains Malaysia 11800 Penang.",NA
SARJANA MUDA SAINS GUNAAN (KEPUJIAN) (FIZIK PERUBATAN),NA,1210 per semester,NA,http://admission.usm.my/index.php/en/undergraduate-malaysian/program-pengajian/ijazah-sarjana-muda-penuh-masa/sains/262-sg28-ijazah-sarjana-muda-sains-gunaan-kepujian-fizik-perubatan,"Pusat Pengajian Teknologi Industri, Universiti Sains Malaysia 11800 Penang.",NA
SARJANA MUDA SAINS GUNAAN (KEPUJIAN) (KIMIA ANALISIS),NA,1210 per semester,NA,http://admission.usm.my/index.php/en/undergraduate-malaysian/program-pengajian/ijazah-sarjana-muda-penuh-masa/sains/256-sg03-ijazah-sarjana-muda-sains-gunaan-kepujian-kimia-analisis,"Pusat Pengajian Teknologi Industri, Universiti Sains Malaysia 11800 Penang.",NA
SARJANA MUDA SAINS (KEPUJIAN) (KIMIA),NA,1170 per semester,NA,http://admission.usm.my/index.php/en/undergraduate-malaysian/program-pengajian/ijazah-sarjana-muda-penuh-masa/sains/302-ss28-ijazah-sarjana-muda-sains-kepujian-kimia,"Pusat Pengajian Teknologi Industri, Universiti Sains Malaysia 11800 Penang.",NA
SARJANA MUDA SAINS GUNAAN (KEPUJIAN) (KIMIA INDUSTRI),NA,1210 per semester,NA,http://admission.usm.my/index.php/en/undergraduate-malaysian/program-pengajian/ijazah-sarjana-muda-penuh-masa/sains/257-sg04-ijazah-sarjana-muda-sains-gunaan-kepujian-kimia-industri,"Pusat Pengajian Teknologi Industri, Universiti Sains Malaysia 11800 Penang.",NA
SARJANA MUDA SAINS GUNAAN (KEPUJIAN) (MATEMATIK DAN EKONOMI),NA,1210 per semester,NA,http://admission.usm.my/index.php/en/undergraduate-malaysian/program-pengajian/ijazah-sarjana-muda-penuh-masa/sains/260-sg21-ijazah-sarjana-muda-sains-gunaan-kepujian-matematik-dan-ekonomi,"Pusat Pengajian Teknologi Industri, Universiti Sains Malaysia 11800 Penang.",NA
SARJANA MUDA SAINS (KEPUJIAN) (MATEMATIK),NA,1170 per semester,NA,http://admission.usm.my/index.php/en/undergraduate-malaysian/program-pengajian/ijazah-sarjana-muda-penuh-masa/sains/300-ss08-ijazah-sarjana-muda-sains-kepujian-matematik,"Pusat Pengajian Teknologi Industri, Universiti Sains Malaysia 11800 Penang.",NA
SARJANA MUDA SAINS GUNAAN (KEPUJIAN) (STATISTIK GUNAAN),NA,1210 per semester,NA,http://admission.usm.my/index.php/en/undergraduate-malaysian/program-pengajian/ijazah-sarjana-muda-penuh-masa/sains/259-sg06-ijazah-sarjana-muda-sains-gunaan-kepujian-statistik-gunaan,"Pusat Pengajian Teknologi Industri, Universiti Sains Malaysia 11800 Penang.",NA
SARJANA MUDA SAINS KOMPUTER (KEPUJIAN),NA,1210 per semester,NA,http://admission.usm.my/index.php/en/undergraduate-malaysian/program-pengajian/ijazah-sarjana-muda-penuh-masa/sains/248-sc00-ijazah-sarjana-muda-sains-komputer-kepujian,"Pusat Pengajian Teknologi Industri, Universiti Sains Malaysia 11800 Penang.",NA
SARJANA MUDA FARMASI (KEPUJIAN),NA,1400 per semester,NA,http://admission.usm.my/index.php/en/undergraduate-malaysian/program-pengajian/ijazah-sarjana-muda-penuh-masa/sains/252-sf00-ijazah-sarjana-muda-farmasi-kepujian,"Pusat Pengajian Teknologi Industri, Universiti Sains Malaysia 11800 Penang.",NA
SARJANA MUDA KEJURUTERAAN MEKANIKAL DENGAN KEPUJIAN,NA,1180 per semester,NA,http://admission.usm.my/index.php/en/undergraduate-malaysian/program-pengajian/ijazah-sarjana-muda-penuh-masa/kejuruteraan/273-sk04-ijazah-sarjana-muda-kejuruteraan-kepujian-kejuruteraan-mekanik,"Pusat Pengajian Kejuruteraan Elektrik Dan Elektronik, USM, kampus Kejuruteraan, Seberang Perai Selatan, Nibong Tebal, Penang 14300 Malaysia",NA
SARJANA MUDA KEJURUTERAAN PEMBUATAN DENGAN PENGURUSAN DENGAN KEPUJIAN,NA,1180 per semester,NA,http://admission.usm.my/index.php/en/undergraduate-malaysian/program-pengajian/ijazah-sarjana-muda-penuh-masa/kejuruteraan/276-sk13-ijazah-sarjana-muda-kejuruteraan-kepujian-kejuruteraan-pembuatan-dengan-pengurusan,"Pusat Pengajian Kejuruteraan Elektrik Dan Elektronik, USM, kampus Kejuruteraan, Seberang Perai Selatan, Nibong Tebal, Penang 14300 Malaysia",NA
SARJANA MUDA KEJURUTERAAN ELEKTRIK DENGAN KEPUJIAN,NA,1180 per semester,NA,http://admission.usm.my/index.php/en/undergraduate-malaysian/program-pengajian/ijazah-sarjana-muda-penuh-masa/kejuruteraan/283-sk23-ijazah-sarjana-muda-kejuruteraan-kepujian-kejuruteraan-elektrik,"Pusat Pengajian Kejuruteraan Elektrik Dan Elektronik, USM, kampus Kejuruteraan, Seberang Perai Selatan, Nibong Tebal, Penang 14300 Malaysia",NA
SARJANA MUDA KEJURUTERAAN MEKATRONIK DENGAN KEPUJIAN,NA,1180 per semester,NA,http://admission.usm.my/index.php/en/undergraduate-malaysian/program-pengajian/ijazah-sarjana-muda-penuh-masa/kejuruteraan/284-sk24-ijazah-sarjana-muda-kejuruteraan-kepujian-kejuruteraan-mekatronik,"Pusat Pengajian Kejuruteraan Elektrik Dan Elektronik, USM, kampus Kejuruteraan, Seberang Perai Selatan, Nibong Tebal, Penang 14300 Malaysia",NA
SARJANA MUDA KEJURUTERAAN ELEKTRONIK DENGAN KEPUJIAN,NA,1180 per semester,NA,http://admission.usm.my/index.php/en/undergraduate-malaysian/program-pengajian/ijazah-sarjana-muda-penuh-masa/kejuruteraan/286-sk86-ijazah-sarjana-muda-kejuruteraan-kepujian-kejuruteraan-elektronik,"Pusat Pengajian Kejuruteraan Elektrik Dan Elektronik, USM, kampus Kejuruteraan, Seberang Perai Selatan, Nibong Tebal, Penang 14300 Malaysia",NA
SARJANA MUDA KEJURUTERAAN KIMIA DENGAN KEPUJIAN,NA,1180 per semester,NA,http://admission.usm.my/index.php/en/undergraduate-malaysian/program-pengajian/ijazah-sarjana-muda-penuh-masa/kejuruteraan/272-sk03-ijazah-sarjana-muda-kejuruteraan-kepujian-kejuruteraan-kimia,"Pusat Pengajian Kejuruteraan Elektrik Dan Elektronik, USM, kampus Kejuruteraan, Seberang Perai Selatan, Nibong Tebal, Penang 14300 Malaysia",NA
SARJANA MUDA KEJURUTERAAN SUMBER MINERAL DENGAN KEPUJIAN,NA,1180 per semester,NA,http://admission.usm.my/index.php/en/undergraduate-malaysian/program-pengajian/ijazah-sarjana-muda-penuh-masa/kejuruteraan/274-sk06-ijazah-sarjana-muda-kejuruteraan-kepujian-kejuruteraan-sumber-mineral,"Pusat Pengajian Kejuruteraan Elektrik Dan Elektronik, USM, kampus Kejuruteraan, Seberang Perai Selatan, Nibong Tebal, Penang 14300 Malaysia",NA
SARJANA MUDA KEJURUTERAAN POLIMER DENGAN KEPUJIAN,NA,1180 per semester,NA,http://admission.usm.my/index.php/en/undergraduate-malaysian/program-pengajian/ijazah-sarjana-muda-penuh-masa/kejuruteraan/285-sk32-ijazah-sarjana-muda-kejuruteraan-kepujian-kejuruteraan-polimer,"Pusat Pengajian Kejuruteraan Elektrik Dan Elektronik, USM, kampus Kejuruteraan, Seberang Perai Selatan, Nibong Tebal, Penang 14300 Malaysia",NA
SARJANA MUDA KEJURUTERAAN BAHAN DENGAN KEPUJIAN,NA,1180 per semester,NA,http://admission.usm.my/index.php/en/undergraduate-malaysian/program-pengajian/ijazah-sarjana-muda-penuh-masa/kejuruteraan/275-sk12-ijazah-sarjana-muda-kejuruteraan-kepujian-kejuruteraan-bahan,"Pusat Pengajian Kejuruteraan Elektrik Dan Elektronik, USM, kampus Kejuruteraan, Seberang Perai Selatan, Nibong Tebal, Penang 14300 Malaysia",NA
SARJANA MUDA KEJURUTERAAN AEROANGKASA DENGAN KEPUJIAN,NA,1180 per semester,NA,http://admission.usm.my/index.php/en/undergraduate-malaysian/program-pengajian/ijazah-sarjana-muda-penuh-masa/kejuruteraan/277-sk15-ijazah-sarjana-muda-kejuruteraan-kepujian-kejuruteraan-aeroangkasa,"Pusat Pengajian Kejuruteraan Elektrik Dan Elektronik, USM, kampus Kejuruteraan, Seberang Perai Selatan, Nibong Tebal, Penang 14300 Malaysia",NA
SARJANA MUDA KEJURUTERAAN AWAM DENGAN KEPUJIAN,NA,1180 per semester,NA,http://admission.usm.my/index.php/en/undergraduate-malaysian/program-pengajian/ijazah-sarjana-muda-penuh-masa/kejuruteraan/271-sk01-ijazah-sarjana-muda-kejuruteraan-kepujian-kejuruteraan-awam,"Pusat Pengajian Kejuruteraan Elektrik Dan Elektronik, USM, kampus Kejuruteraan, Seberang Perai Selatan, Nibong Tebal, Penang 14300 Malaysia",NA
SARJANA MUDA SAINS DALAM SAINS FORENSIK (KEPUJIAN),NA,1380 per semester,NA,http://admission.usm.my/index.php/en/undergraduate-malaysian/program-pengajian/ijazah-sarjana-muda-penuh-masa/perubatan-pergigian-dan-kesihatan/294-sm11-ijazah-sarjana-muda-sains-kepujian-sains-forensik,"Pusat Pengajian Sains Pergigian, Kampus Kesihatan, Universiti Sains Malaysia, 16150 Kubang Kerian, Kelantan, Malaysia.",NA
SARJANA MUDA AUDIOLOGI (KEPUJIAN),NA,1380 per semester,NA,http://admission.usm.my/index.php/en/undergraduate-malaysian/program-pengajian/ijazah-sarjana-muda-penuh-masa/perubatan-pergigian-dan-kesihatan/292-sm07-ijazah-sarjana-muda-sains-kesihatan-kepujian-audiologi,"Pusat Pengajian Sains Pergigian, Kampus Kesihatan, Universiti Sains Malaysia, 16150 Kubang Kerian, Kelantan, Malaysia.",NA
SARJANA MUDA SAINS KESIHATAN (KEPUJIAN) (KEJURURAWATAN),NA,1380 per semester,NA,http://admission.usm.my/index.php/en/undergraduate-malaysian/program-pengajian/ijazah-sarjana-muda-penuh-masa/perubatan-pergigian-dan-kesihatan/295-sm12-ijazah-sarjana-muda-sains-kesihatan-kepujian-kejururawatan,"Pusat Pengajian Sains Pergigian, Kampus Kesihatan, Universiti Sains Malaysia, 16150 Kubang Kerian, Kelantan, Malaysia.",NA
SARJANA MUDA SAINS BIOPERUBATAN (KEPUJIAN),NA,1380 per semester,NA,http://admission.usm.my/index.php/en/undergraduate-malaysian/program-pengajian/ijazah-sarjana-muda-penuh-masa/perubatan-pergigian-dan-kesihatan/288-sm03-ijazah-sarjana-muda-sains-kesihatan-kepujian-bioperubatan,"Pusat Pengajian Sains Pergigian, Kampus Kesihatan, Universiti Sains Malaysia, 16150 Kubang Kerian, Kelantan, Malaysia.",NA
SARJANA MUDA SINARAN PERUBATAN (KEPUJIAN),NA,1380 per semester,NA,http://admission.usm.my/index.php/en/undergraduate-malaysian/program-pengajian/ijazah-sarjana-muda-penuh-masa/perubatan-pergigian-dan-kesihatan/289-sm04-ijazah-sarjana-muda-sains-kesihatan-kepujian-sinaran-perubatan,"Pusat Pengajian Sains Pergigian, Kampus Kesihatan, Universiti Sains Malaysia, 16150 Kubang Kerian, Kelantan, Malaysia.",NA
SARJANA MUDA DIETETIK (KEPUJIAN),NA,1380 per semester,NA,http://admission.usm.my/index.php/en/undergraduate-malaysian/program-pengajian/ijazah-sarjana-muda-penuh-masa/perubatan-pergigian-dan-kesihatan/290-sm05-ijazah-sarjana-muda-sains-kesihatan-kepujian-dietetik,"Pusat Pengajian Sains Pergigian, Kampus Kesihatan, Universiti Sains Malaysia, 16150 Kubang Kerian, Kelantan, Malaysia.",NA
SARJANA MUDA PEMAKANAN (KEPUJIAN),NA,1380 per semester,NA,http://admission.usm.my/index.php/en/undergraduate-malaysian/program-pengajian/ijazah-sarjana-muda-penuh-masa/perubatan-pergigian-dan-kesihatan/291-sm06-ijazah-sarjana-muda-sains-kesihatan-kepujian-pemakanan,"Pusat Pengajian Sains Pergigian, Kampus Kesihatan, Universiti Sains Malaysia, 16150 Kubang Kerian, Kelantan, Malaysia.",NA
SARJANA MUDA SAINS KESIHATAN (KEPUJIAN) (SAINS SENAMAN DAN SUKAN),NA,1380 per semester,NA,http://admission.usm.my/index.php/en/undergraduate-malaysian/program-pengajian/ijazah-sarjana-muda-penuh-masa/perubatan-pergigian-dan-kesihatan/297-sm18-ijazah-sarjana-muda-sains-kesihatan-kepujian-sains-senaman-dan-sukan,"Pusat Pengajian Sains Pergigian, Kampus Kesihatan, Universiti Sains Malaysia, 16150 Kubang Kerian, Kelantan, Malaysia.",NA
SARJANA MUDA KESIHATAN PERSEKITARAN DAN PEKERJAAN (KEPUJIAN),NA,1380 per semester,NA,http://admission.usm.my/index.php/en/undergraduate-malaysian/program-pengajian/ijazah-sarjana-muda-penuh-masa/perubatan-pergigian-dan-kesihatan/293-sm10-ijazah-sarjana-muda-sains-kesihatan-kepujian-kesihatan-persekitaran-dan-pekerjaan,"Pusat Pengajian Sains Pergigian, Kampus Kesihatan, Universiti Sains Malaysia, 16150 Kubang Kerian, Kelantan, Malaysia.",NA
DOKTOR PERUBATAN,NA,1600 per semester,NA,http://admission.usm.my/index.php/en/undergraduate-malaysian/program-pengajian/ijazah-sarjana-muda-penuh-masa/perubatan-pergigian-dan-kesihatan/287-sm00-ijazah-doktor-perubatan,"Pusat Pengajian Sains Pergigian, Kampus Kesihatan, Universiti Sains Malaysia, 16150 Kubang Kerian, Kelantan, Malaysia.",NA
DOKTOR PERGIGIAN,NA,1600 per semester,NA,http://admission.usm.my/index.php/en/undergraduate-malaysian/program-pengajian/ijazah-sarjana-muda-penuh-masa/perubatan-pergigian-dan-kesihatan/249-sd00-ijazah-doktor-pergigian,"Pusat Pengajian Sains Pergigian, Kampus Kesihatan, Universiti Sains Malaysia, 16150 Kubang Kerian, Kelantan, Malaysia.",NA
SARJANA MUDA PATOLOGI PERTUTURAN (KEPUJIAN),NA,NA,NA,http://admission.usm.my/index.php/en/undergraduate-malaysian/program-pengajian/ijazah-sarjana-muda-penuh-masa/perubatan-pergigian-dan-kesihatan/296-sm17-ijazah-sarjana-muda-sains-kesihatan-kepujian-patologi-pertuturan,"Pusat Pengajian Sains Pergigian, Kampus Kesihatan, Universiti Sains Malaysia, 16150 Kubang Kerian, Kelantan, Malaysia.",NA
SARJANA MUDA TEKNOLOGI KEJURUTERAAN BIOPROSES DENGAN KEPUJIAN,NA,NA,NA,http://admission.usm.my/index.php/en/undergraduate-malaysian/program-pengajian/ijazah-sarjana-muda-penuh-masa/sains/310-sy07-ijazah-sarjana-muda-teknologi-kepujian-bioproses,"Pusat Pengajian Teknologi Industri, Universiti Sains Malaysia 11800 Penang.",NA
